{
  "is_repeat_session": {
    "mean": 0.166119301035589,
    "std": 0.3721880865925848,
    "min": 0.0,
    "max": 1.0,
    "median": 0.0
  },
  "hour_of_day": {
    "mean": 12.933702849191429,
    "std": 5.730392333114423,
    "min": 0.0,
    "max": 23.0,
    "median": 13.0
  },
  "engagement_depth": {
    "mean": 2.5125753112371028,
    "std": 1.8163841329293582,
    "min": 1.0,
    "max": 7.0,
    "median": 2.0
  },
  "is_ordered": {
    "mean": 0.0683336470200118,
    "std": 0.2523178438765108,
    "min": 0.0,
    "max": 1.0,
    "median": 0.0
  },
  "revenue": {
    "mean": 4.0994473122690955,
    "std": 15.836638516593911,
    "min": 0.0,
    "max": 109.98,
    "median": 0.0
  }
}